{
  "$schema": "https://json-schema.org/draft/2020-12/schema",
  "$schemaVersion": "0.0.3",
  "modelTags": "",
  "$id": "https://raw.githubusercontent.com/PGTEC-VRAIN/SmartFlow/main/SmartDataModels/WeatherForcastSeries/schema.json",
  "title": " - Weather Forecast schema",
  "description": "A harmonised description of a Weather Forecast time Series.",
  "type": "object",
  "allOf": [
    {
      "$ref": "https://smart-data-models.github.io/data-models/common-schema.json#/definitions/GSMA-Commons"
    },
    {
      "$ref": "https://smart-data-models.github.io/data-models/common-schema.json#/definitions/Location-Commons"
    },
    {
      "properties": {
        "type": {
          "type": "string",
          "enum": [
            "WeatherForecastSeries"
          ],
          "description": "Property. NGSI Entity type. It has to be WeatherForecastSeries."
        },
        "windDirection": {
          "type": "array",
          "items": {
            "type": "number"
          },
          "description": "Property. Model:'http://schema.org/Number'. Direction of the wind.",
          "minimum": 0,
          "maximum": 360
        },
        "windSpeed": {
          "type": "array",
          "items": {
            "type": "number"
          },
          "description": "Property. Model:'http//schema.org/Number'. Intensity of the wind.",
          "minimum": 0
        },
        "gustSpeed": {
          "type": "array",
          "items": {
            "type": "number"
          },
          "description": "Property. A sudden burst of high-speed wind over the observed average wind speed lasting only for a few seconds."
        },
        "refPointOfInterest": {
          "type": "string",
          "description": "Relationship. Model:'http://schema.org/URL'. Point of interest related to the item."
        },
        "atmosphericPressure": {
          "type": "array",
          "items": {
            "type": "number"
          },
          "minimum": 0,
          "description": "Property. Model:'https://schema.org/Number'. The atmospheric pressure observed measured in Hecto Pascals. Units:'Hecto pascals'."
        },
        "illuminance": {
          "type": "array",
          "items": {
            "type": "number"
          },
          "minimum": 0,
          "description": "Property. Model:'https://schema.org/Number'. (https://en.wikipedia.org/wiki/Illuminance) observed measured in lux (lx) or lumens per square metre (cd·sr·m−2). Units:'Lux'."
        },
        "temperature": {
          "type": "array",
          "items": {
            "type": "number"
          },
          "description": "Property. Temperature of the item."
        },
        "feelsLikeTemperature": {
          "type": "array",
          "items": {
            "type": "number"
          },
          "description": "Property. Temperature appreciation of the item."
        },
        "relativeHumidity": {
          "type": "array",
          "items": {
            "type": "number"
          },
          "minimum": 0,
          "maximum": 1,
          "description": "Property. Humidity in the Air. Observed instantaneous relative humidity (water vapour in air)."
        },
        "dateRetrieved": {
          "type": "string",
          "format": "date-time",
          "description": "Property. Model:'https://schema.org/DateTime'. The date and time the forecast was retrieved in ISO8601 UTC format."
        },
        "dateIssued": {
          "type": "string",
          "format": "date-time",
          "description": "Property. Model:'https://schema.org/DateTime'. The date and time the forecast was issued by the meteorological bureau in ISO8601 UTC format."
        },
        "validity": {
          "type": "string",
          "description": "Property. Model:'https://schema.org/Text'. Includes the validity period for this forecast as a ISO8601 time interval. As a workaround for the lack of support of Orion Context Broker for datetime intervals, it can be used two separate attributes: `validFrom`, `validTo`."
        },
        "validFrom": {
          "type": "string",
          "format": "date-time",
          "description": "Property. Model:'https://schema.org/Text'. ISO8601 UTC date and time of the first prediction of the series."
        },
        "validTo": {
          "type": "string",
          "format": "date-time",
          "description": "Property. Model:'https://schema.org/Text'. ISO8601 UTC date and time of the last prediction of the series."
        },
        "timestamps": {
          "type": "array",
          "items": {
            "type": "string",
            "format": "date-time"
          },
          "description": "Property. Model:'https://schema.org/Text'. ISO8601 UTC date and time of each of the predictions in the series."
        },
        "uVIndexMax": {
          "type": "array",
          "items": {
            "type": "number"
          },
          "description": "Property. Model:'https://schema.org/Number'. The maximum UV index for the period, based on the World Health Organization's UV Index measure. Normative references: [http://www.who.int/uv/intersunprogramme/activities/uv_index/en/](http://www.who.int/uv/intersunprogramme/activities/uv_index/en/).",
          "minimum": 0
        },
        "precipitation": {
          "type": "array",
          "items": {
            "type": "number"
          },
          "minimum": 0,
          "description": "Property. Model:'https://schema.org/Number'. Amount of water rain expected. Units:'Liters per square meter'."
        },
        "precipitationProbability": {
          "type": "array",
          "items": {
            "type": "number"
          },
          "minimum": 0,
          "description": "Property. Model:'https://schema.org/Number'. Probability of rainfall."
        }
      }
    }
  ],
  "required": [
    "id",
    "type",
    "dateIssued"
  ]
}
